{
  "results":{
    "rankings":[[509.23597559288044,-9469797946282.012,36976241980741.3,1651454279874.5352,4.098787821416833,"","O","162385 (2000 BM19)",0.0832799,"Y","N","",true,9.942,0.7405178548963313,0.3585820193235509,0.4749814671424605,"2000 BM19",247.4403726306858,6.895968702326185,70.47515349928238,31.96617162541195,1.54668107744054,2456400.5,2456379.8324091877,232.7564520254757,"36.98 trillion"],[3.0381092900488223e-55,-11134670548028.934,1.5190546450244112e-42,2.1394408613730362e-44,0.8450416981564169,"","S","(2007 VF163)","","N","","",true,null,2.5515481,0.3022452,1.7803549,"2007 VF163",66.07755,5.84169,257.06862,181.65075,0.24182346,2456400.5,2457138.0183946,1488.6893108,1.5190546450244112e-42],[3.0381089263541378e-55,-11134669215087.912,1.519054463177069e-42,2.258606528623609e-44,0.8921101580122874,"","S","(2013 AA96)","","N","","",true,null,2.3035543,0.2117965,1.8156696,"2013 AA96",271.66686,6.40309,93.5915,88.93076,0.28190734,2456400.5,2456085.0390404,1277.0153484,1.519054463177069e-42],[3.038029037873569e-55,-11134376423806.627,1.5190145189367845e-42,2.243922253941411e-44,0.8863334323540305,"","S","(2005 EA123)","","N","","",true,null,2.2812732,0.104071,2.0438588,"2005 EA123",93.80876,6.19431,305.83192,121.87752,0.28604748,2453420.5,2452994.4255595,1258.5323248,1.5190145189367845e-42],[3.0380284186258708e-55,-11134374154263.816,1.5190142093129355e-42,2.290369261184247e-44,0.9046798563735106,"","S","242154 (2003 EA27)","","N","","",true,null,2.2304551,0.1423379,1.9129768,"2003 EA27",231.30933,1.67858,313.68735,358.31558,0.29587879,2456400.5,2456406.1929393,1216.7144526,1.5190142093129355e-42]],"compositions":{
  "A":{
  },"C":{
  "nickel":0.014,"iron":0.166,"cobalt":0.002,"water":0.2,"nitrogen":0.001,"hydrogen":0.235,"ammonia":0.001},"B":{
  "iron":10,"hydrogen":0.235,"ammonia":0.001,"nitrogen":0.001},"E":{
  },"D":{
  "water":0.000023},"C type":{
  "nickel":0.014,"iron":0.166,"cobalt":0.002,"water":0.2,"nitrogen":0.001,"hydrogen":0.235,"ammonia":0.001},"Sr":{
  "magnesium silicate":1e-30,"iron silicate":0},"K":{
  "nickel":0.007,"iron":0.083,"cobalt":0.001,"water":0.1,"nitrogen":0.001,"hydrogen":0.235,"ammonia":0.001},"V":{
  "magnesium silicate":1e-30,"iron silicate":0},"M":{
  "nickel":10,"iron":88,"cobalt":0.5},"L":{
  "magnesium silicate":1e-30,"aluminum":7,"iron silicate":0},"Ld":{
  "magnesium silicate":1e-30,"iron silicate":0},"Sk":{
  "magnesium silicate":1e-30,"iron silicate":0},"P":{
  "water":12.5},"S":{
  "magnesium silicate":1e-30,"iron silicate":0},"R":{
  "magnesium silicate":1e-30,"iron silicate":0},"U":{
  },"O":{
  "platinum":1.25,"nickel-iron":2.965},"X":{
  "nickel":10,"iron":88,"cobalt":0.5},"Sl":{
  "magnesium silicate":1e-30,"iron silicate":0},"S(IV)":{
  "magnesium silicate":1e-30,"iron silicate":0},"Sa":{
  "magnesium silicate":5e-31,"iron silicate":0},"Cgh":{
  "nickel":0.014,"iron":0.166,"cobalt":0.002,"water":0.2,"nitrogen":0.001,"hydrogen":0.235,"ammonia":0.001},"Ch":{
  "nickel":0.014,"iron":0.166,"cobalt":0.002,"water":0.2,"nitrogen":0.001,"hydrogen":0.235,"ammonia":0.001},"Cb":{
  "nickel":0.007,"iron":0.083,"cobalt":0.001,"water":0.1,"nitrogen":0.001,"hydrogen":0.235,"ammonia":0.001},"Cg":{
  "nickel":0.014,"iron":0.166,"cobalt":0.002,"water":0.2,"nitrogen":0.001,"hydrogen":0.235,"ammonia":0.001},"Xe":{
  "nickel":10,"iron":88,"cobalt":0.5},"Q":{
  "nickel-iron":13.315},"Xk":{
  "nickel":10,"iron":88,"cobalt":0.5},"Xc":{
  "platinum":0.005,"nickel":10,"iron":88,"cobalt":0.5},"comet":{
  },"Sq":{
  "magnesium silicate":1e-30,"iron silicate":0},"T":{
  "iron":6}},"fields":["score","saved","price","profit","closeness","GM","spec_B","full_name","moid","neo","pha","diameter","inexact","dv","a","e","q","prov_des","w","i","om","ma","n","epoch","tp","per","fuzzed_price"]}}